source_page,company,stand
1,1PointFive,1315
1,4IG Space and Defence Technologies Plc,4213
1,A.I.A.D. and MoD Italy,1337
1,A.S. Avionics Services S/A,41124
1,AALTO,4729
1,AAMMC Tech Hub,1351
1,AAR,1223
1,Abrasive Technology Ltd,1221
1,Accenture,C116
1,Accles & Pollock,1320
1,Accrofab,1320
1,Accurus Aerospace Corporation,C604
1,"Acevision (Beijing) Exhibition Co., Ltd.","3924, 3925, 4828, 4826, 41536, 4650"
1,"Achilles Aerospace Products, Inc.",41314
1,Aciturri AeroEngines,2310
1,Acron Aviation,C322
1,Acutec Precision Aerospace,2324
1,Acutronic Turbines Inc.,0785
1,ADS Group Ltd,"1120, C413"
1,ADS South West,1217
2,ADSE Consulting and Engeering,1353
2,Advanced Design Technology Pty Ltd,3311
2,Advanced Drivetrain Technologies GmbH,"3722,3726, 3728"
2,Advanced Manufacturing Innovation Centre (AMIC),1321
2,Advanced Navigation Pty Ltd,3311
2,ADVANTAGE AUSTRIA LONDON,"3722,3726, 3728"
2,AE Industrial Partners,C306
2,AED Cluster Portugal,1451
2,AERCAL AEROSPACE S.A. (AE-GROUP),2121
2,AerCap,C213
2,AEREA S.p.A,1441
2,Aereos Defense,3526A
2,AERNNOVA AEROSPACE,1138
2,Aero Fasteners,1341
2,Aero Metals Alliance,"1231, C119-120"
2,Aero Sekur S.p.A.,1435
2,Aero-Mark,C215
2,Aerocluster de Querétaro,3320
2,Aerocom Metals Limited,1526
2,Aerofina SA,0150
3,AeroFlow Technologies,"41320, 41321"
3,"Aeroforce Logistics, LLC",2523
3,AeroGen-TEK,2040
3,Aeromaoz,4036
3,AEROMASTER Corporation,4838
3,Aeromed Group,2336
3,AEROMETALS & alloys - ACNIS,1360
3,Aeronautical Systems Incorporated,2426
3,Aeronautical University in Querétaro (UNAQ),3320
3,AeroNL,1353
3,Aeropact Manufacturing LLC.,41314
3,Aeroprobe Corporation,2125
3,AeroSM,2121
3,Aerospace and Specialty Metals Group (ASMG),41350
3,Aerospace Coatings Ltd,1317
3,Aerospace India Association,41135
3,Aerospace Material Development Consortium,41035
3,Aerospace Technology Institute,1111
3,AeroSpace.NRW,4150
3,AEROSTAR SA,0150
4,AeroTEC,1351
4,AEROTECNIC,2121
4,Aerotree Defense & Services Sdn. Bhd.,0190
4,Aerotron Composites Ltd,1320
4,AeroVironment Inc,2125
4,Aery Aviation,2125
4,AFC Europe,1033
4,Agence wallonne à l’Exportation et aux Investissements étrangers,"1058, 1157"
4,Agenzia Spaziale Italiana (ASI),4103
4,AHG,1360
4,AIP Precision Machining,3521C
4,AIQ - Aeropuerto Internacional de Querétaro,3320
4,Air and Marine Products Ltd,1550
4,Air Cost Control,4540
4,"Air Shunt Instruments, Inc.",2338
4,AIRBUS,"4105, E009, E010, E028"
4,Aircraft Component Repair Inc. (ACR),2338
4,Aircraft Extrusion Company,2338
4,Aircraft Lighting Intl,3944
4,Aircraft Materials UK,4831
5,Airtech Advanced Materials Group,1310
5,AIRTIFICIAL AEROSPACE & DEFENSE,2121
5,AJ Products (UK) Ltd,1317
5,ALA,1350
5,"Alabama Department of Commerce""""",3340
5,Albany Engineered Composites,"3330, C604"
5,"Alberta Aviation, Aerospace & Defence",4623
5,Alfor Aviation,C129
5,ALGRA S.p.A,1437
5,All Metal Services Ltd.,C209-210
5,AllClear Aerospace and Defense,3745
5,Alleima Tube AB,1335
5,"Allen Aircraft Products, Inc.",41314
5,Allfast Fastening Systems,1355
5,ALLINOX COMPONENTS SRL,1245
5,Alloy Wire International,1320
5,ALMA SISTEMI SRL,1250
5,Alp Aviation,41341
5,Alpha Metalcraft Group,2033
5,Alpine Eagle Defence Ltd.,0025
6,ALRO S.A.,1553
6,ALRO SA,0150
6,ALTAIR (consortium),1245
6,"Altitude, University of Lancashire",1310
6,AMCo srl,"1145,1147"
6,AMDA FOUNDATION LIMITED,3311
6,AMDA Foundation Ltd,1011
6,Amentum,3931
6,American Battle Monuments Fndn,3040
6,American Drilling Company,1355
6,American Industrial Acquisition Corp (AIAC),41350
6,American Industries,3320
6,American Standard Circuits,2040
6,AMETEK,"3019, 3121, C112"
6,AMI Metals,C209-210
6,Amnovis,"1058, 1157"
6,Amphenol Ltd,1210
6,Amprius Technologies,4832
6,"Analytical AI, Inc.",3340
6,ANDALUCIA AEROSPACE,2121
7,Andalucía TRADE,2121
7,Andalusia Defense Hub,2121
7,Anduril Industries,"A025, A027"
7,ANELLO Photonics,2338
7,Anemo Engineering,"1058, 1157"
7,Angoka,1321
7,ANH Structure,4935
7,Ankit Aerospace,41135
7,Anser Aeronautics and Space Emilia-Romagna,1538
7,ANSYS UK Ltd,C221
7,Antalis Packaging Solutions,4717
7,Antonov Logistics Salis GmbH,0350
7,Antrica,4644
7,Aperam Alloys Imphy,C604
7,Apollo Aerospace Components Ltd,1130
7,Applied Aerospace & Defense,4200
7,Aquarese,1360
7,AR Procurement Services Ltd,1320
7,ARC 145 LLC,3526B
7,Archer Aviation Inc.,B020
8,ARESIA,1360
8,Argive,4238E
8,ARGOTEC,4100
8,Arista Networks UK Ltd,2002
8,Arkansas World Trade Center,3125
8,Arnprior Aerospace Inc.,41350
8,Arnprior Aerospace Portland,41350
8,ARRK Europe Ltd,1310
8,Arrowhead Products,41313
8,ARS ELECTRONICS SRL,1435
8,"Ascendant Spaceflight Services, LLC",3526C
8,ASE S.p.A.,1127
8,Aselsan,2110
8,ASG Aerospace,1320
8,Ashot Ashkelon Industries Ltd,3831
8,Ashton Aerospace & Defence,1048
8,Astra Products Company,3521E
8,Astronautics Corporation of America,2035
8,Astronics,2027
8,ATC Aerospace Ltd,1317
9,ATG,"41320, 41321"
9,ATI,C318-321
9,AtkinsRéalis,C131-132
9,"ATLA , Japan Ministry of Defense",2506
9,Atlantic Aviation Group,0390
9,Atlantic Casting & Engineering Corporation,3233
9,ATR,C214
9,AUBERT et DUVAL,1360
9,Australian Department of Defence,3311
9,Austrian Industrial Cooperation & Aviation Technology Group,"3722,3726, 3728"
9,Automatic Industrial Machines Ltd,"1120, C413"
9,Auva Certification Ltd,1120H
9,Avantus Aerospace,1151
9,Averna powered by Spherea,4715
9,Aviation & Defence Spares Ltd,4235
9,Aviation for Good,PI-07
9,Aviation Week,41020
9,"AVIATRIX, INC.",2031
9,Avio Aero,B026
9,AVIOCHEM SRL,1437
10,Aviointeriors S.p.A.,1435
10,Avionica,3521D
10,AVIOREC,1435
10,AVIVA METALS,1360
10,AVP MRO - Aero Voo de Portugal lda,1451
10,"AVRRC, Loughborough University",0675
10,Avtrain,0390
10,Avvron Ltd,1317
10,AWS GROUP - CUSTOMER SUPPORT,41124
10,Axillon Aerospace,3842
10,AXISCADES,2324
10,AYTANA AEROSPACE & DEFENSE,2121
10,B-Tech Engineering Ltd,3930
10,B&S Aircraft Alloys,4844
10,B2Space,4000
10,Babcock International Group,"C325, 4238L"
10,BAE Systems,HALL5
10,"Baoji Kehui Titanium Industry Co.,Ltd",41524
10,"Baoji Titanium Industry Co., Ltd",4826
10,"Baoji Yongshengtai Titanium Industry Co., Ltd.",41523
11,Barnbrook Systems Ltd,1317
11,Barnes Aerospace,C113
11,"Base Case, LLC",2517
11,Bauer,2030
11,BCG,C216
11,Be STEM Ready Sdn. Bhd.,0190
11,Beehive Industries,41314
11,"Beijing Lizheng Technology Co., Ltd.",4945
11,BEL Engineering,3835
11,"Belcan, a Cognizant company",C127
11,BETA Technologies,B024
11,Beyond Vision,"0680,1451"
11,BIBUS METALS Ltd,1320
11,Bihrle Applied Research Inc.,2125
11,BIKAR AEROSPACE,1134
11,BIRD Aerosystems,0380
11,Bisen Aerospace Private Limited,1052
11,Bisiach and Carru S.p.A.,1245
11,BLACKLEAF,1360
11,Bloc Digital,"4105, E009, E010, E028,41314"
12,Blue Aerospace,4540
12,Blue Raven,4131
12,BLUEROOM SIMULATIONS PTY LTD,3311
12,"BlueWaveTel Co., Ltd.",41031
12,BMT Aerospace International,"1058, 1157"
12,Bodd,3311
12,Bodycote Heat Treatments Ltd,41111
12,Boellhoff Group,1024
12,Bombardier Defense,C603
12,Bond Optics,2039
12,BOTT LTD,1310
12,Bowmill Engineering and Metal Treatments Ltd,4026
12,Bralco Metals,C209-210
12,Brazilian Aerospace & Defense Cluster,41124
12,Breaker,3311
12,Bridgeways,1351
12,Bright Engineering (Precision Products) Ltd,1317
12,Briles Aerospace,1355
12,British Airways - Pioneers of Tomorrow (Friday),PP-18
12,Broadway Group,"1120, C413"
13,Broetje Automation (UK) Ltd,1221
13,BROOKHOUSE AEROSPACE LTD,1310
13,BRPH,3501C
13,Bruntons Aero Products Ltd,1020
13,BSL Limited,0015
13,BTX Precision,2037
13,Business Isle of Man,1310
13,C5I S.r.L.,1435
13,CAAST SPA,1437
13,CABLEX PTY LTD,3311
13,Cadence Design Systems,2528
13,CAE Inc,C122-122A
13,California Governor's Office of Business and Economic Development,2338
13,Callen-Lenz,1331
13,CALLINGTON,3311
13,Cambridge Aerospace,0620
13,Capabilities Beyond Engineering LTD,1320
13,Capgemini,"C130, 1211"
13,Carbon8Lighting,4648
13,Carter Manufacturing Limited,1031
14,CARUSO FREELAND GmbH,D015
14,Castings Technology,0060
14,Castle Metals Aerospace,2318
14,CAV Systems Ltd,1525
14,CCP Gransden - Advanced Composites,1321
14,CDI-Hallite Aerospace,4034
14,CE2K - LUXSOLAR,1437
14,CEIPIEMONTE/PIEMONTE AGENCY,1245
14,Century Fasteners Corp.,3521B
14,Century Fasteners de Mexico,3320
14,CEVIANS,4548
14,CFM International,D045
14,CGR International,1360
14,"CHAOYANG JINDA TITANIUM CO., LTD",4821
14,Chartered Institute of Management Accounting (AICPA & CIMA) - Pioneers of Tomorrow (Friday),PI-12
14,Chihuahua Aerospace Cluster,3320
14,Chihuahua Global EDC,3320
14,Chihuahua State Government,3320
14,Chihuahua State Government,3320
14,"China Southern Sci - Tech (Guangdong Hengqin) Co., Ltd.",0580
15,Chromalloy,C222
15,CIRA - ITALIAN AEROSPACE RESEARCHE CENTRE,1445
15,CIRCOR AEROSPACE & DEFENSE / Aero-Mark,C215
15,CITD AEROPOLIS,2121
15,"City St. Georges, University of London",4824
15,CIVITANAVI SYSTEMS,1343
15,Clampco Products,41314
15,Clarendon Specialty Fasteners,4900
15,Classic Lear Jet Foundation,C326-327
15,Click Bond,3731
15,CLOUD FOR DEFENCE,1435
15,CMC Electronics,4125
15,CMS SPA,4830
15,Co.Me.Ar. Srl,"1145,1147"
15,CoAspire,4546
15,COEXPAIR,"1058, 1157"
15,Cogne Acciai Speciali,1238
15,Cognitive Design Systems,4238A
15,Cognitive Engineering Technologies Pvt Ltd,2016
15,"Cognitus, an IBM Company",1513
16,Colorado,2328
16,COMAC,"C324-324A, 41130"
16,Composites UK,1310
16,Conair Group Inc.,"C223, 4225, 4525, 4623A, 4722"
16,CONFLUX TECHNOLOGY PTY LTD,3311
16,Consolidated Industries Inc.,41350
16,Cora Systems,41114
16,CORTES Y ACEROS DEL SUR,2121
16,Cosine,4238J
16,COSKUNÖZ AEROSPACE,41548
16,Cox Machine,C326-327
16,CP Cases Ltd,4020
16,CPP,"1058, 1157"
16,Cranden Diamond Products Ltd.,1554
16,Crane Aerospace and Electronics,4530
16,CraneAero (Cranfield University) - Pioneers of Tomorrow (Friday),PI-25
16,Cranfield University,1027
16,Cre8tive Space Ltd,1317
16,"Creare, LLC",2039
16,Creative Hut,0870
17,Crescent Manufacturing,2524
17,CRISSAIR INC.,3331
17,Cristex,1310
17,Cross Manufacturing,2008
17,Crowell & Moring,4212
17,CTRM HOLDINGS SDN BHD,0190
17,CVG Cincinnati/Northern Kentucky International Airport,C121
17,CycloKinetics Inc.,2517
17,Cygnet Texkimp,1310
17,Cyient Limited,4015
17,Czech Pavilion,C332
17,D-RisQ Ltd,1320
17,Daejeon Technopark,41031
17,"Daido Steel Co., Ltd","2006, 2117, 2504"
17,Dassault Aviation,F020
17,Dassault Systèmes UK Ltd,C207-208
17,Dawin Friction,4931
17,De Havilland Aircraft of Canada Limited,C125-126
17,Dealey Environmental,4028
17,Dedrone,3934
18,Defence and Aerospace Industry Exporters' Association - SSI,41447
18,Defense and Development Enterprises,3526D
18,Defense Security Cooperation Agency,2136
18,"Defense Technology Equipment, Inc.",2125
18,Deloitte Touche Tohmatsu Limited,C334
18,Denison Industries,3233
18,DENN,3022
18,Denroy Ltd,1321
18,Department for Business and Trade,1120
18,Department of National Defence,"C223, 4225, 4525, 4623A, 4722"
18,DEPE Gear Company Ltd,1310
18,"Derco, a Lockheed Martin Company",2340
18,DESEC - Desarrollo Económico del Estado de Chihuahua,3320
18,Destinus,1305
18,Development Bank of Canada,"C223, 4225, 4525, 4623A, 4722"
18,DHL,C121
18,Didactic Services Ltd.,4803
18,DIEHL Aviation,4820
18,DistroLogic,2324
18,DK-LOK,4935
19,DLA Piper LLP,C121
19,Doncasters,3550
19,Dong Yang AK Korea,41035
19,Dovetail Electric Aviation,2121
19,DOVETAIL ELECTRIC AVIATION (AUSTRALIA) PTY LTD,3311
19,"Dowty, a GE Aerospace company",B026
19,DP Engineering,"1120, C413"
19,Drive System Design Ltd,0080
19,DRONE FORGE,3311
19,DRONESHIELD GROUP PTY LTD,3311
19,Druck,4230
19,Dual Use Capital s.r.o. | Decent Cybersecurity s.r.o.,4238D
19,Ducommun Incoporated,C328
19,Duvelco Limited,3832
19,Duxford AvTech by HBD,1317
19,Dylan Aerospace,1351
19,Dynamic Aerospace Fabrications Ltd,1320
19,Dynamic Metals Ltd,4910
19,Dynatech International,2331
19,E23,1435
20,Eaton,C226-227A
20,Edare,2039
20,EDePro d.o.o,0600
20,"EEA Aircraft and Maintenance, S.A.",1451
20,EFOR GLOBAL SAVUNMA İNŞ. ENERJİ TİC. A.Ş.,3215
20,EGADD,1120M
20,Egile Mechanics,0065
20,Elbit Systems,1330
20,Electric Flying Connection,1353
20,Electron Source Co S.r.l.,1435
20,Element Materials Technology,1116
20,Elgiloy Specialty Metals,1028
20,Elinor Coatings,2028
20,Eliot,1451
20,Elite Electronic Systems,1321
20,Elite EMC Ltd,4238F
20,Ellwood Group Inc.,C118
20,ELT Group,1340
20,Embassy of Mexico in the United Kingdom,3320
20,EMBRAER,C104-106
21,Embry-Riddle Aeronautical University,3521A
21,EMERALD AERO GROUP,0390
21,Emergent Swarm Solutions,4238K
21,EMITECH GROUP,1360
21,eMoSys GmbH,2000
21,EN4,"1145,1147"
21,ENERGY LASER SRL,1250
21,Enjet Aero,2127
21,Ensenada EDC / COPREEN,3320
21,"Entegris, POCO Materials",3545
21,Enterprise Ireland,0390
21,Epirus,2338
21,ePropelled,2039
21,ERA Electronic Systems srl,"1145,1147"
21,ERG Aerospace,3030
21,ESCO Aerospace,3331
21,ESEA AUTOMATION SRL,1250
21,Essex Industries,3031
21,Ethereal Machines Private Limited,0515
21,Euram Air Leases Ireland Ltd,0390
22,EURAMEC,"1058, 1157"
22,EURO-COMPOSITES Corporation ®,2125
22,Eurofighter Typhoon,"C135-137, E020"
22,EUROLINK SYSTEMS SRL,1435
22,Eutelsat,4503
22,Eve Air Mobility,D030
22,Evident Inspection Technologies,0660
22,Evolito,1107
22,Exeter College,"1120, C413"
22,"Expeditionary Technical Solutions, Inc.",2338
22,Expeditors International,4730
22,Expromet Technologies Group,1548
22,Extrude Hone Ltd,1557
22,FAM Group Ltd,"1120, C413"
22,Fargo Jet Center,2028
22,Farnborough Aerospace Consortium,1317
22,Farnborough College of Technology,1317
22,Farsound Aviation Limited,1216
22,Fastavia,3730
22,Fastech,2125
23,FasTech,1310
23,FDH Aero,1121
23,FEAM Aero,C121
23,FEMIA - Mexican Federation of the Aerospace Industry,3320
23,Feronyl,"1058, 1157"
23,Ferra,3311
23,FEV Aerospace,4046
23,FIDAE 2028,2508
23,FIDAMC,2121
23,Fidia SpA,1245
23,Fifth Ingenium SRLs,1435
23,FIGEAC AERO,1360
23,FIMAC SpA,1404
23,Flanders Investment and Trade (FIT),"1058, 1157"
23,Flexcompute,2526
23,FlexSys,2004
23,Flight Crowd,PI-15
23,Flightcase Warehouse,1522
23,Flitetec Limited,1120A
23,"Flohr Machine Company, Inc.",41314
24,Flygas di Gamberini Stefano,1250
24,FlySight Srl,1540
24,FMT Aerospace LTD,1133
24,FMV - Test and Evaluation,1041
24,Fokker Services Group,1353
24,FOMAP srl,"1145,1147"
24,FOMAS Group,1040
24,Ford Aerospace,2511
24,Forged Solutions Group,4535
24,Forgital Italy SpA,1150
24,Framatome Ltd - Defence and Space,1204
24,Frasers Aerospace,1317
24,Freightline Carriers,"1056, 41542"
24,Fresal srl,1245
24,Freudenberg Sealing Technologies,4225
24,Friction Technology Ltd,4544
24,FRISA,C603
24,Fry Steel,C209-210
24,FSL Aerospace Ltd,1500
24,FUCINE UMBRE,"1145,1147"
25,"Fuji Industries Co., Ltd",2514
25,Fukushima / Hama K.K.,0780
25,"FUSHUN SPECIAL STEEL CO.,LTD",4945
25,G.R. TRATTAMENTI TERMICI S.r.l.,1435
25,G.W. Lisk Company,2020
25,G&G Aero,2129
25,G&O Springs,1320
25,GAZC,2121
25,GB BARBERI SRL,1437
25,GCAP Agency and Edgewing,"E016, E018"
25,GE Aerospace,B026
25,General Atomics,"D010, 2140"
25,General Dynamics Mission Systems,1207
25,General Plastics,1351
25,Georg Martin GmbH,1044
25,GF Casting Solutions Novazzano SA,4732
25,GGB,41502
25,GIFAS,1360
25,GKM Aerospace Ltd,1120E
25,GKN Aerospace,C231-233A
26,Glenair,3845
26,"Globe Engineering Co., Inc.",4605
26,Globus Metal Powders Ltd,1025
26,GM&T INTERNATIONAL 2000 SRL,0150
26,GNTP (Gyeongnam Technopark),4935
26,Godrej and Boyce Manufacturing Company Limited,0030
26,Goodridge Ltd,1317
26,Goonhilly / COMSAT,4514
26,Gould Alloys Ltd,"1231, C119-120"
26,"Government of Ontario, Canada",4520
26,Greater Everett Chamber of Commerce,1351
26,Greater Seattle Partners,1351
26,Green Power Turbine Systems,0600
26,Greene Tweed,0640
26,Greenjets Ltd,4042
26,GroundControl,4646
26,Groveley Precision Engineering Ltd,1317
26,GROWERMETAL SPA,1014
26,"GSE Dynamics, Inc.",2432
26,GSE-M TECHNOLOGY SDN.BHD,0190
27,GTA Aerospace Technologies Corp.,4935
27,"Guangzhou Bayern Messe Co.,Ltd.","41521,41522,41523,41524,41525, 41526,41528,41529, 41530,41531"
27,Gulfstream International Corporation,2540
27,H3R Inc.,41031
27,Hampshire Futures - Pioneers of Tomorrow (Friday),PI-10
27,HandyTube,C118
27,Hankuk Carbon,4935
27,"Hanstar Technologies Co., Ltd.",41520
27,Hanwha Aerospace,C312
27,Harlow Wichita,C326-327
27,Harmonic Drive SE,41141
27,Härtha Group,1353
27,Haynes International,C603
27,HDR,1351
27,Heamar Company Limited,4315
27,"Hebei Grande Precision Machinery Co.,Ltd",41531
27,HEGGEMANN AG,4731
27,HEICO,4540
27,Heinz Berger Maschinenfabrik GmbH and Co. KG,4150
27,HELITAK FIRE FIGHTING EQUIPMENT PTY LTD,3311
28,Helix,1320
28,Helix Linear Technologies,0570
28,Heller Machine Tools Ltd,1320
28,HellermannTyton Ltd,0360
28,Hellios Information Limited,1120P
28,Hempel Special Metals,41532
28,HEO,3311
28,Hermith GmbH,4724
28,Héroux-Devtek Inc,4321
28,Hewland Engineering ltd,1320
28,Hexagon,3531
28,Hexcel,C211-212
28,Hical Technologies Private Limited,41135
28,High Value Manufacturing Catapult,1111
28,Hillsboro Aero Academy,2031
28,Hindustan Aeronautics Limited,"4947, C408"
28,HISPANO AERONAUTICA,2121
28,HITEC Sensors,2513
28,HMS MAKINA SANAYI VE TICARET A.S.,41347
28,"Ho-Ho-Kus, Inc.",2038
29,Hobart Machined Products Inc,1351
29,Honeywell Aerospace,C134
29,Honeywell Control Systems Ltd,4921
29,Horizon Aircraft Ltd,4625
29,Houston Precision Fasteners,1341
29,Hover Inc.,1351
29,Howco,4836
29,Howmet Aerospace,C224-225
29,Howmet Aerospace | Fastening Systems,C313
29,HQW Aerospace,1532
29,HR Smith Group,1060
29,HTC Srl - A NCM Company,"1145,1147"
29,HTS Vacuum Furnaces,1104
29,Hughes Network Systems Europe,4414
29,Hummingbird Aero International,0390
29,Hummingbird Aero LLC,2517
29,"Hunan Xiangtou Goldsky Titanium Industry Technology Co., Ltd.","0130, 41140, 41340. 41546, 41544"
29,"HUNAN XIANGTOU GOLDSKY TITANIUM METAL CO.,LTD.","0130, 41140, 41340. 41546, 41544"
29,HunterNet Co-Operative,3311
29,Hurst Green Plastics Limited,1326
30,Hutchinson,1227
30,Hwashin Bolt,41035
30,HYCAERO LTD,1310
30,Hyde Group,1120C
30,"HyPerComp Engineering, Inc.",2517
30,iAccess Technologies,2338
30,IASC China Aerospace Clusters Pavilion,"0130, 41140, 41340. 41546, 41544"
30,iBase-t,2338
30,ICD Europe Ltd,41510
30,iCOMAT,1320
30,IERUS Technologies,3340
30,IGCS Defense,3545
30,IHI Corporation,"2006, 2117, 2504,C123"
30,Illinois Pavilion,2040
30,Impro Aerotek Europe,4812
30,IMSAR,3026
30,IMX Aerospace,3501F
30,INADET / CENALTEC,3320
30,Incheon Technopark,4931
30,Incora,C217
31,INDAERO,2121
31,Independent Forgings & Alloys Ltd,1131
31,"Industrial Machine Tool, Inc.",1351
31,Industrial Metals International Limited,2512
31,INESPASA,2121
31,INFORTECORP SOLUTIONS LIMITED,4238H
31,Ingenium Aerospace,2040
31,Ingenium Technologies Corp.,2040
31,Innovaero Pty Ltd,3311
31,Inspectahire Instrument Co. Ltd,4238C
31,Institute for Aerospace Technology,1320
31,Institution of Mechanical Engineers (IMechE) Aerospace Division,"PI-19, PI-20, PINN-07"
31,"Integra-Cast, Inc.",41060
31,Integrated Procurement Technologies (IPT),2034
31,"Integrated Technologies, Inc.",1351
31,Intelligent Energy Ltd,1120J
31,Interconnect Solutions Group,4900
31,International Digital Defense Equipment Agency (IDDEA),"1058, 1157"
31,Invest in Gloucestershire,1120D
31,Invest Manchester,1310
32,Invest Northern Ireland,1321
32,Invest Selangor Berhad,0190
32,Investissement Québec International,4121
32,INVESTMENT AND PRECISION CASTINGS LTD,4740
32,Irvin GQ,1221
32,ISATI SRL,1437
32,ISOCLIMA S.P.A.,1250
32,Israel Aerospace Industries,"C323, 4610"
32,Italian Pavilion,1536
32,Italian Trade Agency - AGENZIA ICE,1250
32,Italiana Ponti Radio Srl,1437
32,ITP Aero,1311
32,"J&M Products, Inc.",1518
32,Jabil,3941
32,Jaivel Aerospace,1320
32,"JANA, Inc.",3545
32,Japan Aircraft Industrial Enhancement Co. Ltd.,"2006, 2117, 2504"
32,JAS Worldwide,3140
32,JAXUSA Partnership,2534
32,JEC,0860
33,Jeh Aerospace Inc.,4515
33,Jenkins Engineering Defence Systems (JEDS),3311
33,JetZero,C333
33,"Jiangsu Flying Cloud Titanium Alloy Material Co., Ltd and Jiandu Longda Superalloy Co., Ltd",41504
33,JobsOhio,"1431, C603"
33,Joby Aviation,"B030, C631"
33,JOINTEK SRL,1245
33,Joss Engineering (Barrow) Ltd,1415
33,KAI,4940
33,Kale Jet Engines,4860
33,"Kallman Worldwide, Inc.","3050, C603, C604"
33,"Kalman Machinery (Jiaxing) Co., Ltd.",4650
33,Kamatics & RWG & GRW,4808
33,Kansas: Air Capital of the World,"C326-327, 4605"
33,KCC Corporation,41035
33,Kearfott Corporation,2035
33,Keighley Laboratories Ltd,1310
33,Kenard Engineering Group,1034
33,Kencoa Aerospace,2024
33,Kepplair Evolution,1360
34,"KEUMYONG MACHINERY CO,. LTD.",4839
34,"KGL MACHINERY&ELECCTRONIC CO., LTD",41536
34,Kineco Limited,41135
34,KMWE Aerospace B.V.,1353
34,Knight Precision Metals Limited,1028
34,KONGSBERG,2111
34,Korea Aerospace Industries Association,4834
34,Korea Conformity Laboratories,41035
34,"KPC Metal Co., Ltd.",41035
34,KPMG,C133
34,"KSP STEEL CO., LTD.",4931
34,Kuhmichel Abrasiv Ltd,4550
34,Kulite,41538
34,L.M.A. SpA,1235
34,L2 Aviation,C121
34,"L3Harris Technologies, Inc.",2531
34,LABORMET DUE Srl,1245
34,Laga Srl,1100
34,Laser Industries Inc.,2338
34,Laser Wire Solutions,1221
35,LeanDNA,2519
35,Lebronze alloys,4030
35,LeFiell Manufacturing Company,3012
35,Leonardo SpA,"B010, B012"
35,Li-S Energy Limited,3311
35,Liberty Hall Capital Partners,C604
35,Liebherr-Aerospace & Transportation SAS,4918
35,Liebherr-Electronics and Drives GmbH,4918
35,LIG Defense&Aerospace,4848
35,LIMITED LIABILITY COMPANY “ODESA AIRCRAFT PLANT”,0100
35,Lincotek Surface Solutions,3937
35,Linde Advanced Material Technologies Inc.,3530
35,LOAR Group,4318
35,Localyte S.r.l.,1435
35,Lockheed Martin,4110
35,Lockheed Martin Corporation,"C412, C501"
35,Logic SpA,1440
35,Lombardia Aerospace Cluster,1437
35,Loop Technology,1111
35,"Loos and Co., Inc.",3526E
36,LPE,1321
36,Lubeco,1355
36,Lucas Milhaupt,4038
36,Lucideon,1036
36,Lufthansa Technik Defense,3002
36,M.E.RIN S.R.L.,1250
36,MAC Aerospace Corporation,2032
36,MAC Fasteners,1355
36,Macrodyne - Dunkes,4737
36,MADES,2121
36,MAG Aerospace,2125
36,Magellan Aerospace,4123
36,MAGNA STEYR Fahrzeugtechnik GmbH & Co KG,"3722,3726, 3728"
36,Magnet Schultz Ltd,4721
36,MAGROUP Magnaghi Aerospace,0370
36,MAHER,4818
36,Makino Inc.,C603
36,MALAYSIA AEROSPACE INDUSTRY ASSOCIATION,0190
36,Malaysia External Trade Development Corporation (MATRADE),0190
36,MANETmesh Technologies Munich GmbH,41521
37,Mantec Services Inc.,2040
37,Marand,4725
37,MARINE HVAC DESIGN,2121
37,Marmon Aerospace & Defense Group,4842
37,Marshall Aerospace,3321
37,Martin-Baker Aircraft Co.,"1260, C109"
37,Martinic Engineering,1355
37,MARVIN GROUP,2131
37,Master Fluid Solutions,41314
37,Matt Black Systems,1400
37,Maven Engineering Corporation,2518
37,Maximum Technology Corporation,3340
37,maxon Group,1053
37,Maycast-Nokes,1320
37,Mayday Manufacturing,3331
37,MB Servizi e Trasporti Srl,1435
37,MBDA,E032
37,MBDA Corporate,1230
37,"McNAIR Center, University of South Carolina",2324
37,MDA SPACE,4500
38,Meadowlark Aircraft Company,2028
38,Meapforni Srl,4647
38,Mecaer Aviation Group S.p.A,1245
38,Mecaplex AG,4517
38,Meccanotecnica Umbra Spa,"1145,1147"
38,MED TECHNOLOGY SRL,1435
38,Melbourne Orlando International Airport,3501D
38,MELD Manufacturing Corporation,2125
38,MERLETTI SRL,1437
38,Mersen UK Teesside Ltd,1320
38,Met Office,3704
38,Metal Finishing Company,C326-327
38,Metalex,4719
38,METALWEB LTD,1310
38,Metavonics,1360
38,Metcar,0540
38,MEXICALI EDC,3320
38,Meyer Tool Inc.,3560
38,MG / GEKO / EISEMANN,41350
38,MHI,C228-230
39,Michigan Office of Defense and Aerospace Innovation,3729
39,Micro Spring and Presswork Ltd,1030
39,Micromach GmbH,4738
39,Mid-Continent Instruments and Avionics,2522
39,"Mid-Mountain Materials, Inc.",1351
39,"Mid-State Aerospace, Inc",4605
39,Middlesex Aerospace,1317
39,Midlands Aerospace Alliance,1320
39,Mikron Tool,4517
39,MinebeaMitsumi Aerospace,2012
39,Mini Gears,1051
39,MINIMAL,1402
39,MISHRA DHATU NIGAM LIMITED,4947
39,Missiles and Space Batteries Ltd,1016
39,Mississippi Development Authority,2130
39,Missouri Department of Economic Development,3133
39,"MITSUI SEIKI KOGYO CO., LTD.","2006, 2117, 2504"
39,MJ Sections Ltd,1320
39,Monogram Aerospace Fasteners,1355
39,Montana Aerospace (Asco and UAC),"1058, 1157"
40,Moog Inc.,C218-219
40,Morocco Now,41330
40,Moya Aero,41124
40,MSM aerospace fabricators,1120Q
40,MTD Ltd,1320
40,MThree Corporate Consulting LTD.,0765
40,MTU Aero Engines AG,1215
40,Mubea Aviation Holding GmbH,C124
40,Municipality of Chihuahua,3320
40,Municipality of Rzeszow,1317
40,Murphy and Nolan,2538
40,MyDefence,3008
40,Myren Inc.,41031
40,Nabhdrishti Aerospace,2001
40,Nammo AS,2211
40,NAmTrans/North Country Chamber of Commerce,2527
40,"NanJing QuanXin Cable Technology Co.,LTD","0130, 41140, 41340. 41546, 41544"
40,Nasmyth Group Ltd,1300
40,Natilus,2338
40,National Airlines,0750
41,National Armaments Director Group,3704
41,National Careers Service,PI-17
41,National Institute for Aviation Research (NIAR),4605
41,National Precision,1351
41,National Wealth Fund,3704
41,NAVALIS,2121
41,NCC and West of England Mayoral Combined Authority,1120F
41,NCM SpA,"1145,1147"
41,NE-XT Technologies,2127
41,NEAT S.r.l.,1435
41,Needles and Pins Aerospace,4238G
41,Nema Ltd,4215
41,Newcastle University - Pioneers of Tomorrow (Friday),
41,NI (formerly National Instruments),1015
41,Nidec Aerospace,2120
41,NIDV,1353
41,Nikon SLM Solutions AG,4005
41,NIPPI Corporation,"2006, 2117, 2504"
41,"NLign Analytics, Inc.",41314
41,NLR – Royal Netherlands Aerospace Centre,1353
42,Nominal,0700
42,Norfolk and Suffolk Unlimited,3010
42,NOROO Paint,41035
42,Norsk Titanium AS,2211
42,North Dakota Trade Office,2028
42,North West Aerospace Alliance,1310
42,Northrop Grumman,C604
42,Northrop Grumman LITEF GmbH,2313
42,Norwegian Defence and Security Industries Association (FSi),2211
42,Norwegian Special Mission,2211
42,Nova Systems,3311
42,Novaria Group,1251
42,NOVINTEC,1360
42,Novomorphic Ltd,1221
42,NQ Aero Group,1317
42,NRW.Global Business - Rheinisches Revier,4150
42,NRW.Global Business GmbH,4150
42,nTop,3938
42,Nu-Tech Precision Metals Inc.,4720
42,NWI Aerostructures,4605
43,Nycote Labs Corp.,2338
43,Oakridge Supply Chain Solutions,1351
43,Ocean Software,3311
43,OCSmaterials,4931
43,Odysight.AI,4616
43,Oerlikon,3540
43,OFFICINA MALNATI SRL,1437
43,OGMA – Industria Aeronautica de Portugal,1451
43,OHB SE,4400
43,Ohio International Trade,41314
43,Okazaki Manufacturing Company UK (LTD).,0050
43,Oklahoma Department of Commerce,"2322, 2520"
43,Oldham Engineering Ltd,4725
43,Olsen Actuators & Drives,4804
43,OLSTRAL HPT SRL,0150
43,OMA S.p.A.,"1145,1147"
43,Omnetics Connector Corporation,2029
43,OMS Industries S.r.l.,1435
43,Ondrives Ltd,2311
43,Ontic Engineering Manufacturing ltd,4120
44,Open Cosmos,4614
44,OPIAR,0150
44,OPTERA SOLUTIONS PTY LTD,3311
44,Oracle special metals,1320
44,Orbis UK,0850
44,OSINT COMBINE PTY LTD,3311
44,OVES Enterprise,0150
44,Oxley Group Ltd,1310
44,Ozark Integrated Circuits,3125
44,P&K Fabrications Ltd,3922
44,PAC Aviation International,3545
44,Pacific Northwest Aerospace Alliance,1351
44,Packstat Ltd,1221
44,PAL Aerospace,4621
44,Pall Corporation,3327
44,Pankl Aerospace Systems Europe GmbH,"3722,3726, 3728"
44,Paramount Panels UK,1042
44,PARIANI SRL,1437
44,PARIS AIR SHOW,1360
44,Parker Aerospace,C107-108
45,PARPAS SpA,2026
45,Patriot Industrial Partners,2529
45,Patriot Taxiway Industries,2523
45,PBS GROUP,3740
45,PELICO,1360
45,PennAero,1355
45,Performance Review Institute | PRI,3016
45,Permag,"41320, 41321"
45,PHINIA,4810
45,Phixos,4716
45,PhotonFirst Technologies,1353
45,Pietro Rosa TBM Srl,1347
45,Piran Advanced Composites,"1120, C413"
45,Plymouth Tube / Plymouth Engineered Shapes,2011
45,PMI Group,1355
45,PMP SRL,1437
45,PMW Dynamics Limited,3000
45,Poggipolini Group,1341
45,Polar Technology,3840
45,Portal Space Systems,1351
46,Porvair Filtration Group,4032
46,PPG,1140
46,Precise Components Ltd,0560
46,"Precision Alloy Services, Inc.",3025
46,Precision Castparts Corp. (PCC),C330-331
46,Precision Fluid Controls Inc.,4728
46,Precision Resource,0035
46,Precision Technologies International Limited,1320
46,Prima Electro SpA,1245
46,Primary Engineer,1310
46,Prince & Izant Company,4415
46,Privacy Seal,3311
46,Pro-Roll Ltd,41540
46,PROBAJA TRADE and INVESTMENT,3320
46,Process Automation and Calibrations Limited,1321
46,PROCOMER - COSTA RICA AEROSPACE CLUSTER,41534
46,PRODENSA,3320
46,Progetti Speciali Italiani S.r.l.,1435
46,Progressive Alloy Steels Unlimited,"1231, C119-120"
46,Progressive Technology Group,1310
47,Proponent,1426
47,Prospect Group,41314
47,Prowork Group,3320
47,Proxima Powder Metallurgy Ltd.,0085
47,PRP OPTOELECTRONICS LTD,4238B
47,PSD AERO,4340
47,PTI TECHNOLOGIES INC,3331
47,Pursuit Aerospace,4531
47,Q-CTRL,"0720,3311"
47,Qarbon Aerospace,2123
47,Qfp Srl,"1145,1147"
47,QinetiQ - Pioneers of Tomorrow (Friday),PINN-18
47,QinetiQ Ltd,C101-103
47,Quantum Systems GmbH,0170
47,Querétaro State Government,3320
47,"Radia, Inc.",41335
47,Radius Aerospace Inc,3131
47,RAF Cadets Bulldog,
47,Rafael Advanced Defense Systems Ltd,C315
47,"RAM Aviation, Space and Defense",3240
48,RAMPF Advanced Polymers GmbH & Co. KG,4845
48,RAMPINI CARLO SPA,"1145,1147"
48,Rapid Imaging Solutions,2517
48,RBC Aerospace,3950
48,Re:Build Manufacturing - Composite Resources,2324
48,REACH Central Coast,2338
48,Regal Rexnord Aerospace Solutions,4130
48,REGIONE CAMPANIA,1447
48,REGIONE LAZIO - LAZIO INNOVA S.P.A,1435
48,Reno Machine Company,2127
48,RH Aero Systems,3960
48,Rift Dynamics,2211
48,Righton Blackburns,1117
48,RINA,1250
48,RIX Industries,2537
48,RLC,41131
48,Robin Radar Systems,1510
48,Rodriguez GmbH,4150
48,Rogue Space Systems Corporation,2039
48,Rolled Alloys,4320
49,Rolls-Royce Plc,C405-407
49,Rotary Precision Instruments UK Ltd,"1120, C413"
49,Rotor Clip,1037
49,Royal Aeronautical Society,4002
49,Royal Aeronautical Society - Pioneers of Tomorrow,"PI-11, PINN-04"
49,RSA Engineering,1355
49,RTA Ireland Limited,1321
49,RTX - Pratt & Whitney | Collins Aerospace | Raytheon,C301-305
49,RUAG AG,4517
49,Rübig GmbH and Co KG,1317
49,RYAN AEROSPACE,3311
49,S3 AeroDefense,3736
49,Saab AB,C403
49,SAE International,3016
49,Saeron Technology,41035
49,Safesky Systems,3311
49,Safran Aero Boosters,"1058, 1157"
49,Sagar Defence Engineering,4947
49,Salamandra UK,1120G
49,SAM Aerospace (NI) Ltd,1321
50,SANLAYAN,1530
50,Sansera Engineering Limited,41135
50,Sarasota Bradenton International Airport,3526F
50,SASMOS HET Technologies Limited,4240
50,SATRO,PINN-03
50,Sauter Bachmann AG,4517
50,SBG Systems,1360
50,Schunk Group,0340
50,Scintam Engineering Ltd,0665
50,ScioTeq,"1058, 1157,1152"
50,SDM Srl,1245
50,Se.Te.L servizi logistici S.r.l.,1435
50,SEA Wire & Cable,3340
50,"SeaCast, Inc",1351
50,SeAH Aerospace & Defense,41033
50,SeAH Group,41033
50,Seal Dynamics,4540
50,SECO/WARWICK S.A.,41514
50,Secondo Mona S.p.A,1443
50,SECURE & INNOVATE GROUP PTY LTD,3311
51,SEKISUI Aerospace,1351
51,SelectFlorida,"3501, 3521, 3526"
51,Sellectronics Ltd,3928
51,Senior PLC,4911
51,Sensata Technologies,1430
51,Sensolus,"1058, 1157"
51,SERMS srl,"1145,1147"
51,Service Centres Aero France,"1231, C119-120"
51,Service Centres Aero Germany,"1231, C119-120"
51,Service Steel Aerospace Corp.,C209-210
51,SERVIZI CONFINDUSTRIA VARESE SRL,1437
51,SEVEN PULSE S.R.L.,"1145,1147"
51,SEVILLA CONTROL,2121
51,SGS United Kingdom Limited,1317
51,"Shaanxi HST Metal Material Co.,Ltd",41530
51,"Shaanxi Standard Titanium Co., Ltd",41508
51,SHD Composite Materials Ltd,1310
51,"Shenzhen Hanhailong Technology Co.,Ltd",41525
51,Shield AI,3750
51,"ShinMaywa Industries, Ltd.","2006, 2117, 2504"
52,SICAMB - S.P.A.,1250
52,"Sichuan Forge Future Co.,Ltd.","0130, 41140, 41340. 41546, 41544"
52,Siderforgerossi Group SPA,0670
52,Siderval S.p.A,4231
52,Siemens,C316-317
52,Sigma,1320
52,Sigma Manufacturing Solutions,1310
52,Sigmatex UK Ltd,1310
52,SIJ Metal Ravne,3926
52,SILENTIUM DEFENCE,3311
52,"Simtech, Inc.",2530
52,"SINFONIA TECHNOLOGY Co., LTD.","2006, 2117, 2504"
52,SIPAL Spa,1245
52,SISTECH,4931
52,SJ Group,1320
52,SKF,1360
52,Sky Eye Systems Srl,"1145,1147"
52,Skybolt Aerospace Fasteners,3526I
52,Skyguide Swiss Air Navigation Services Ltd.,4517
52,SKYINNOVATIONS AEROSPACE & DEFENCE PTY LTD,3311
53,Skywin Wallonie,"1058, 1157"
53,Smith Myers Communications Ltd,1018
53,Smiths Advanced Metals,1120K
53,SNC,4605
53,Società Industria Meccanica S.I.ME. Srl,1245
53,Socomore,1057
53,sofitec aero,2121
53,Sol.One,"1058, 1157"
53,Solar Atmospheres,2525
53,Somerset Council,"1120, C413"
53,Sonaca,"1058, 1157"
53,South Carolina Department of Commerce,2324
53,Southampton University Human Powered Aircraft - Pioneers of Tomorrow (Friday),
53,Southbourne Rubber Co Ltd (SBR),4736
53,Southern Launch,3311
53,Sovereign Propulsion Systems (SPS),3311
53,Space Applications Services,"1058, 1157"
53,Space Florida,3501B
53,Space Forge,4004
53,SPACE MACHINES COMPANY PTY LTD,3311
54,Spartan Aerospace Group,41060
54,Special Quality Alloys,1521
54,Specialised Polymer Engineering Ltd,4817
54,Spirit Defense A Boeing Company,"C326-327, 4605"
54,Spokane International Airport,0045
54,Squarcle Consulting Ltd,0650
54,SR Technics,4517
54,SSE - SOFITER SYSTEM ENGINEERING S.P.A. SIGLABILE SSE S.P.A.,1250
54,ST Airborne Systems,1558
54,ST Engineering MRAS,3120
54,StandardAero,4330
54,Standex Aerospace and Defense,1320
54,Starrag UK Ltd,4517
54,State of Connecticut,2127
54,State of Iowa,2428
54,State of New Hampshire,2039
54,Stein Seal,1050
54,Stelia North America,"C223, 4225, 4525, 4623A, 4722"
54,Stirling Dynamics,"1120, C413,ROOM 8 - 6 PAX - WED - 09:00 TO 17:45"
54,"STOPART BRAKE MATERIAL CO.,LTD.",4828
55,Strategy and Events MICE,3320
55,Stratolaunch,0480
55,Stretch Forming Corporation,2338
55,Stronvar Aerospace,3541
55,Struers Ltd,1200
55,STS Metals,"41320, 41321"
55,SUBARU CORPORATION,"2006, 2117, 2504"
55,Sullivan Steel,2509
55,"Sungjin Techwin Co., Ltd.",41031
55,Sunshine Metals,"1231, C119-120"
55,Superalloy Manufacturing Solutions Corp (SMSC),41350
55,SUPERELECTRIC s.r.l.,1435
55,Supply Chain Solutions Framework,1120L
55,Surface Technology International Ltd,1317
55,Surrey Satellite Technology Ltd,4705
55,Sviluppumbria Spa,"1145,1147"
55,"SVM Tech Co.,Ltd.",4931
55,SVT: Supply Chain Solutions,2039
55,SWISS PAVILION,4517
55,Syensqo,C220
56,"Synergetic Technologies Group, Inc.",2338
56,Tactical Air Support Inc.,3526H
56,"Taekyung Electronics Co., Ltd.",41031
56,"TAESANG Co., Ltd",4840
56,TAG,1355
56,Tallahassee International Airport,3501A
56,Tata Advanced Systems Limited,C410
56,Tata Consultancy Services,C410
56,"Tata Technologies Europe Ltd,",0140
56,TAV VACUUM FURNACES SPA,1038
56,"Taylor Devices, Inc.",41512
56,TC AEROSPACE,4138
56,Team Scotland,4505
56,TECHNOSPRINGS ITALIA SRL,1437
56,TECHSiL Ltd,4900
56,Tecno E.D.M. S.r.l,1245
56,Teconnex Ltd,1320
56,Teesside International Airport Business Park,3920
56,"TEI-TUSAS Engine Industries, Inc.",4338
56,TEK4 Limited,3940
57,TEKEVER,1160
57,Teledyne,2330
57,Telsy S.p.A,1505
57,Terma A/S,2320
57,Test Industry S.r.l.,"1145,1147"
57,TEST-FUCHS GmbH,"3722,3726, 3728"
57,"TESTCOR Co.,Ltd.",41035
57,Testia,0070
57,Texas Economic Development & Tourism Office,3545
57,Texmo Blank Ltd,3006
57,Textron Inc.,A031
57,TFI Aerospace,1355
57,TFS AERO,3320
57,The Air League,PINN-05
57,THE BOEING COMPANY,"C201-206, C620"
57,The Honourable Company of Air Pilots,
57,The HR Dept,1317
57,The Lee Company,41120
57,The Society of Japanese Aerospace Companies (SJAC),"2006, 2117, 2504"
57,THOMAS GLOBAL SYSTEMS AUSTRALIA PTY LTD,3311
58,Ti Squared Technologies. Inc.,3028
58,TI-TEK [UK] Limited,1317
58,Tidal Flight,2125
58,"TIGHITCO, Inc.",2324
58,TIJUANA EDC,3320
58,Timken Aurora Bearing Company,41502
58,Tinicum Incorporated,"41320, 41321"
58,Tioga Limited,1317
58,"Tipro International Co., Ltd",1008
58,TISICS Ltd,1317
58,Titanium Fabrication Corp (Ti-Fab),41350
58,Titanium Industries,3027
58,TITANIUM INTERNATIONAL GROUP SRL,1542
58,tk accelis Supply Chain Solutions,C110-111
58,TLG Aerospace,1351
58,Toray Industries,C329
58,Toyota,
58,TPS Solutions GmbH,4517
58,TRANSAERO,3425
58,Transense Technologies plc,4801
59,Trelleborg Aerospace,"1115, C117"
59,Trescal,41311
59,Trexon,4021
59,Tri Models Inc,2338
59,Tridan Engineering Ltd,1551
59,Triman Industries,4131
59,Tritech Group,4617
59,Triumph Group,0095
59,True Blue Power,2522
59,Tsubaki Nakashima,4022
59,TT Electronics,4118
59,TT Electronics PLC,1310
59,"TTM Technologies, Inc.",C409
59,TTTECH Computertechnik AG,"3722,3726, 3728"
59,TUALCOM,1528
59,TUBIFLEX SPA,1245
59,Turbomak,4841
59,Turbulence Solutions GmbH,"3722,3726, 3728"
59,TÜV SÜD,4040
59,TW Metals Ltd,3528
60,Twente Airport,1353
60,TWI Limited,1046
60,Type One Ventures,4300
60,UACH - Universidad Autónoma de Chihuahua,3320
60,UAVE Ltd,1221
60,Ubloquity,1321
60,UK Civil Aviation Authority,41518
60,UK Export Finance,3704
60,"UK Hub for Quantum Enabled Position, Navigation & Timing",PI-13
60,UK Precision Ltd,"1120, C413"
60,UK Research and Innovation,"1110, 4710"
60,UK Space Agency,4510
60,"Ulbrich Stainless Steels & Special Metals, Inc.",2516
60,Ultima Forma,1317
60,Ultra PCS / Eaton,C128
60,Ultrax Aerospace Inc.,3133
60,UMBRAGROUP SpA,"1145,1147"
60,Umbria Aerospace Cluster,"1145,1147"
60,Umbria Aerospace Systems S.p.A.,"1145,1147"
60,"Unison, a GE Aerospace company","4920,B026"
61,United Machining Mill AG - LIECHTI,4517
61,United Performance Metals,3742
61,United Performance Metals Ltd,1321
61,United Ukranian Stand,0100
61,Universal Stainless and Alloy Products,C604
61,"University of California, San Diego",2338
61,University of New Hampshire Space Tech Hub,2039
61,University of Nottingham,1026
61,"UOCEAN x Aerosparx ""Heights of Possibility""",PP-09
61,UPS Lakshmi Private Limited,1054
61,US Aluminum Castings,1351
61,US Aviation Training Solutions (USATS),3526G
61,UVEX SAFETY (UK) LTD,0575
61,Vac Aero International,"C223, 4225, 4525, 4623A, 4722"
61,VACUUMSCHMELZE GmbH & Co. KG,4018
61,Valbruna UK Ltd,1320
61,Valcor Engineering Corporation,2539
61,Valence Surface Technologies,41145
61,Valuechain,1520
61,Van-Am Tool & Engineering,3133
62,Vanzetti Engineering,1245
62,Varzene Metal,4024
62,VDL ETG Switzerland AG,4517
62,VectaCore GmbH,"3722,3726, 3728"
62,Venus Aerospace,3545
62,Vericut,1317
62,Vermont Aerospace Inc.,41350
62,Vertical Aerospace,"41000, C314-314A"
62,Vertical Aviation International,4800
62,Verus Aerospace,3345
62,VESTA,3320
62,VGA SRL,"1145,1147"
62,Viasat,4310
62,Vibrac LLC,2332
62,VIMI FASTENERS S.P.A.,1250
62,VINCENTI OFFICINE srl,1245
62,Virginia Economic Development Partnership,2125
62,VISIONARY MACHINES PTY LTD,3311
62,Vista Global - Pioneers of Tomorrow (Friday),
62,voestalpine High Performance Metals Aerospace & Power Industry,2305
63,Volatus Aerospace Inc.,"C223, 4225, 4525, 4623A, 4722"
63,Volz Servos / AEE / Hirth Engines,0520
63,"VPT, Inc.",2125
63,Wales,1221
63,Wales,3704
63,Walker AEC Ltd,1320
63,Wall Colmonoy Corporation,2322
63,Wallwork Heat Treatment Ltd,1000
63,Walter Praguecast a.s,41312
63,Walzwerke Einsal GmbH,1055
63,Washington Aerospace Training & Research Center - WATR,1351
63,Washington State,1351
63,Watlow,"41320, 41321"
63,Wave Mechanics Private Limited,0075
63,Weiss Technik UK,1320
63,Weldmac,1355
63,Wenzel UK,1310
63,West Virginia Economic Development,2431
63,"Western Superconducting Technologies Co.,Ltd",41413
63,"WESTERN TITANIUM TECHNOLOGIES CO., LTD.",41546
64,WFL Millturn Technologies GmbH & Co. KG,"3722,3726, 3728"
64,WHI Global,2127
64,Wichita State University,4605
64,Wieland Busby Metals,3020
64,William Cook Cast Products Ltd,0055
64,Windracers,4350
64,WITTENSTEIN motion control GmbH,4135
64,Wolften,"1231, C119-120"
64,"Woorim PTS Co., Ltd",4935
64,World Fuel Services (Australia) PTY LTD,3311
64,World Trade Center Utah,2517
64,WSU Tech - National Center for Aviation Training,4605
64,"Wuxi Paike New Materials Technology Co., Ltd.","0130, 41140, 41340. 41546"
64,X-Bow Systems,3545
64,"XI'AN XRUN NEW MATERIAL CO.,LTD",4945
64,XPONENTIAL Europe,4150
64,Yarde Metals,C209-210
64,"YEONHAB PRECISION CO., LTD",4833
64,Yulkok Ltd.,4935
64,ZB3 Technologies Ltd - HALOSENSOR,1560
65,ZEISS Microoptics,C404
65,"Zenith Aviation, Inc.",2125
65,Zenix Aerospace,4303
65,Zero Emissions Aerospace,0760
65,ZeroAvia,1113
65,"Zhejiang Jiuli Hi-Tech Metals Co., Ltd.",3924
65,"Zhejiang King-Mazon Intelligent Manufacturing Corp., Ltd.",3925
65,"Zhejiang Shenji Titanium Industry Co., Ltd.",4050
65,Zhejiang Tianhe Aerospace Development Foundation,4600
65,ZIROM SA,0150
65,Zoerkler Gears GmbH & Co KG,"3722,3726, 3728"
65,Zoppas Industries Heating Element Technologies,1545
