Company Name,Stand Number,UK Presence (basis),Source Page,Category
BAE Systems,HALL5,"HQ Farnborough; engineering Warton, Samlesbury, Rochester, Barrow",10,UK company - engineering/manufacturing/R&D
Rolls-Royce Plc,C405-407,"HQ London; engineering/R&D Derby, Bristol",49,UK company - engineering/manufacturing/R&D
GKN Aerospace,C231-233A,"HQ UK (Melrose Industries); Global Technology Centre Bristol (R&D); Filton, Cowes, Luton",25,UK company - engineering/manufacturing/R&D
QinetiQ Ltd,C101-103,"HQ Cody Technology Park, Farnborough; R&D and test (Boscombe Down etc.)",47,UK company - engineering/manufacturing/R&D
Babcock International Group,"C325, 4238L","HQ London; engineering Bristol, Devonport, Rosyth",10,UK company - engineering/manufacturing/R&D
Marshall Aerospace,3321,HQ Cambridge (relocating to Cranfield); military MRO + design engineering,37,UK company - engineering/manufacturing/R&D
Martin-Baker Aircraft Co.,"1260, C109",HQ + engineering Denham (ejection seats),37,UK company - engineering/manufacturing/R&D
MBDA (UK) / MBDA Corporate,E032; 1230,"European JV; MBDA UK HQ Stevenage, mfg Bolton, engineering Bristol",37,UK company - engineering/manufacturing/R&D
Senior PLC,4911,HQ Rickmansworth; UK Fluid Conveyance sites,51,UK company - engineering/manufacturing/R&D
Zenix Aerospace,4303,"New group HQ Birmingham; Weston site (Earby, Lancs) — ex-Senior plc Aerostructures",65,UK company - engineering/manufacturing/R&D
Vertical Aerospace,"41000, C314-314A",HQ + engineering Bristol (VX4/Valo eVTOL),62,UK company - engineering/manufacturing/R&D
GCAP Agency and Edgewing,"E016, E018","Edgewing (GCAP industry JV, BAE/Leonardo/JAIEC) and the trilateral GCAP Agency, both headquartered in UK (Reading)",25,UK company - engineering/manufacturing/R&D
Doncasters,3550,HQ Burton upon Trent; UK precision-casting plants,19,UK company - engineering/manufacturing/R&D
Bodycote Heat Treatments Ltd,41111,HQ Macclesfield; UK thermal-processing/HIP network,12,UK company - engineering/manufacturing/R&D
Element Materials Technology,1116,UK-headquartered (London); 36 UK testing labs,20,UK company - engineering/manufacturing/R&D
TT Electronics (plc + NWAA stand),4118; 1310,HQ Woking; UK design + manufacturing sites,59,UK company - engineering/manufacturing/R&D
British Airways (Pioneers of Tomorrow),PP-18,HQ Heathrow; BA Engineering (careers stand),12,UK company - engineering/manufacturing/R&D
AALTO,4729,HQ Farnborough (Airbus subsidiary); Zephyr stratospheric UAS development,1,UK company - engineering/manufacturing/R&D
Surrey Satellite Technology Ltd,4705,HQ + engineering Guildford (Airbus-owned),55,UK company - engineering/manufacturing/R&D
"Dowty, a GE Aerospace company",B026,"Propeller design + manufacture, Gloucester (GE-owned)",19,UK company - engineering/manufacturing/R&D
Druck,4230,"HQ + engineering + mfg Leicester, pressure sensing (GE-owned)",19,UK company - engineering/manufacturing/R&D
Ontic Engineering & Manufacturing Ltd,4120,Cheltenham engineering + manufacturing (US parent),43,UK company - engineering/manufacturing/R&D
Amphenol Ltd,1210,"Whitstable design + manufacture, interconnect (US parent)",6,UK company - engineering/manufacturing/R&D
Stirling Dynamics,"1120, C413",Bristol engineering (flight controls/simulation-adjacent eng services; Expleo-owned),54,UK company - engineering/manufacturing/R&D
Surface Technology International Ltd,1317,"Electronics manufacturing + engineering, Hook & Poynton (NOTE AB parent)",55,UK company - engineering/manufacturing/R&D
IrvinGQ,1221,"Design + manufacture, aerial delivery/parachutes, Llangeinor (Wales)",32,UK company - engineering/manufacturing/R&D
CDI-Hallite Aerospace,4034,"Hallite Seals: design + manufacture, Hampton (UK); group with US ops",14,UK company - engineering/manufacturing/R&D
Alfor Aviation,C129,Founded/based Bournemouth; P2F conversion technology (Alarko/Foravia backing),5,UK company - engineering/manufacturing/R&D
Accles & Pollock,1320,Oldbury (West Midlands) tube manipulation + fabrication,1,UK company - engineering/manufacturing/R&D
Accrofab,1320,Derby formed/fabricated engine + airframe components,1,UK company - engineering/manufacturing/R&D
Aerotron Composites Ltd,1320,UK composites manufacture (heritage to 1950s),4,UK company - engineering/manufacturing/R&D
Alloy Wire International,1320,Brierley Hill exotic-alloy wire manufacture,5,UK company - engineering/manufacturing/R&D
Angoka,1321,Belfast; cybersecurity hardware for mobility/UAS,7,UK company - engineering/manufacturing/R&D
Antrica,4644,UK design of miniature low-latency video encoders for UAV/robotics,7,UK company - engineering/manufacturing/R&D
Argive,4238E,"Oxford (Alloyed venture); digitally-manufactured propulsion, UK IP",8,UK company - engineering/manufacturing/R&D
ASG Aerospace,1320,UK-led precision engineering group (7 UK + Germany sites),8,UK company - engineering/manufacturing/R&D
Automatic Industrial Machines Ltd,"1120, C413",UK precision machining (Airbus UK/BAE supplier),9,UK company - engineering/manufacturing/R&D
Avvron Ltd,1317,UK design + manufacture of heavy-fuel UAV engines,10,UK company - engineering/manufacturing/R&D
B-Tech Engineering Ltd,3930,Bracknell 3/4/5-axis machining,10,UK company - engineering/manufacturing/R&D
B2Space,4000,Newport (Wales); near-space balloon launch systems,10,UK company - engineering/manufacturing/R&D
Barnbrook Systems Ltd,1317,Fareham electro-mechanical engineering,11,UK company - engineering/manufacturing/R&D
BEL Engineering,3835,Newcastle (British Engines) precision engineering,11,UK company - engineering/manufacturing/R&D
Bowmill Engineering & Metal Treatments,4026,Dorset + Gloucestershire precision engineering + surface treatments,12,UK company - engineering/manufacturing/R&D
Bright Engineering (Precision Products),1317,UK precision machining,12,UK company - engineering/manufacturing/R&D
Broadway Group,"1120, C413",UK aerospace manufacturing group (Broadway Engineering/AVPE/GET),12,UK company - engineering/manufacturing/R&D
Brookhouse Aerospace,1310,Darwen (Lancs) aerostructures,13,UK company - engineering/manufacturing/R&D
Bruntons Aero Products,1020,Musselburgh (Scotland) machined components + cable assemblies,13,UK company - engineering/manufacturing/R&D
Callen-Lenz,1331,Wiltshire; UAS design and development,13,UK company - engineering/manufacturing/R&D
Cambridge Aerospace,0620,Cambridge; autonomous counter-UAS/cruise-missile interceptors (Skyhammer),13,UK company - engineering/manufacturing/R&D
Capabilities Beyond Engineering,1320,UK electroless nickel plating + CNC machining,13,UK company - engineering/manufacturing/R&D
Carbon8Lighting,4648,UK manufacture of deployable lighting towers,13,UK company - engineering/manufacturing/R&D
Castings Technology (Cti),0060,Sheffield; UK's only commercial titanium investment caster + casting R&D,14,UK company - engineering/manufacturing/R&D
CAV Systems Ltd,1525,Consett; ice-protection systems design + manufacture,14,UK company - engineering/manufacturing/R&D
CCP Gransden,1321,Northern Ireland advanced composites (SC21 Gold),14,UK company - engineering/manufacturing/R&D
CP Cases Ltd,4020,Isleworth; protective cases/racks manufacture,16,UK company - engineering/manufacturing/R&D
Cranden Diamond Products,1554,High Wycombe; diamond/CBN grinding wheels manufacture,16,UK company - engineering/manufacturing/R&D
Cross Manufacturing,2008,Bath; sealing rings/brush seals design + manufacture,17,UK company - engineering/manufacturing/R&D
Cygnet Texkimp,1310,Northwich; composites handling/converting machinery,17,UK company - engineering/manufacturing/R&D
D-RisQ Ltd,1320,Malvern; automatic software verification tools (DO-178C Level A),17,UK company - engineering/manufacturing/R&D
Denroy Ltd,1321,Bangor (NI); precision injection-moulded thermoplastics,18,UK company - engineering/manufacturing/R&D
DEPE Gear Company Ltd,1310,UK gear manufacture (North West),18,UK company - engineering/manufacturing/R&D
DP Engineering,"1120, C413",UK CNC turning/milling since 1952,19,UK company - engineering/manufacturing/R&D
Drive System Design,0080,Leamington Spa; electrified propulsion engineering,19,UK company - engineering/manufacturing/R&D
Duvelco Limited,3832,UK manufacturer of PMDA-ODA polyimide polymers (Ducoya) + R&D,19,UK company - engineering/manufacturing/R&D
Dynamic Aerospace Fabrications,1320,UK aerospace fabrications,19,UK company - engineering/manufacturing/R&D
Elite Electronic Systems,1321,Enniskillen (NI); high-reliability electronics manufacture,20,UK company - engineering/manufacturing/R&D
Elite EMC Ltd,4238F,UK EMC filter/enclosure manufacturer,20,UK company - engineering/manufacturing/R&D
Evolito,1107,Bicester; electric motors + DAL-A power systems for aerospace,22,UK company - engineering/manufacturing/R&D
Expromet Technologies Group,1548,"UK castings/fabrication group (Investacast, Haworth, Metaltech, Tiverton)",22,UK company - engineering/manufacturing/R&D
Flightcase Warehouse,1522,Tamworth; flight-case manufacture,23,UK company - engineering/manufacturing/R&D
Flitetec Limited,1120A,"UK manufacturer + distributor, aircraft interior parts",23,UK company - engineering/manufacturing/R&D
FMT Aerospace LTD,1133,"UK group (AF Fasteners, UFC Aerospace, Atlantic Precision, SPL Treatments)",24,UK company - engineering/manufacturing/R&D
Forged Solutions Group,4535,UK-headquartered aerospace forgings (Sheffield + UK/US sites),24,UK company - engineering/manufacturing/R&D
Friction Technology Ltd,4544,North Wales; friction materials manufacture,24,UK company - engineering/manufacturing/R&D
G&O Springs,1320,Redditch; AS9100 design-accredited spring manufacture,25,UK company - engineering/manufacturing/R&D
GKM Aerospace Ltd,1120E,UK precision machining (3.2 m 5-axis),25,UK company - engineering/manufacturing/R&D
Globus Metal Powders,1025,UK vacuum melter/atomiser of metal powders,26,UK company - engineering/manufacturing/R&D
Goodridge Ltd,1317,Exeter; fluid-transfer systems manufacture,26,UK company - engineering/manufacturing/R&D
Goonhilly / COMSAT,4514,Goonhilly (Cornwall); deep-space comms ground segment engineering,26,UK company - engineering/manufacturing/R&D
Greenjets Ltd,4042,UK; ducted-fan electric propulsion development,26,UK company - engineering/manufacturing/R&D
Groveley Precision Engineering,1317,UK complex components + assemblies (SC21 Silver),26,UK company - engineering/manufacturing/R&D
Helix,1320,Milton Keynes; electric powertrains for aerospace (AS9100 UK team),28,UK company - engineering/manufacturing/R&D
Hewland Engineering,1320,Maidenhead; aerospace transmission design/test/manufacture,28,UK company - engineering/manufacturing/R&D
HQW Aerospace,1532,Plymouth; super-precision bearings design + manufacture,29,UK company - engineering/manufacturing/R&D
HR Smith Group,1060,Herefordshire; antennas + emergency locator systems,29,UK company - engineering/manufacturing/R&D
Hurst Green Plastics Ltd,1326,Lancashire; plastics manufacture,29,UK company - engineering/manufacturing/R&D
HYCAERO LTD,1310,Burnley; surface treatments + thermal coatings,30,UK company - engineering/manufacturing/R&D
Hyde Group,1120C,Manchester; aerostructures + tooling engineering,30,UK company - engineering/manufacturing/R&D
iCOMAT,1320,Bristol; rapid tow-shearing composite manufacturing,30,UK company - engineering/manufacturing/R&D
Independent Forgings & Alloys,1131,Sheffield open-die forgings,31,UK company - engineering/manufacturing/R&D
Intelligent Energy Ltd,1120J,Loughborough; hydrogen fuel-cell R&D + manufacture,31,UK company - engineering/manufacturing/R&D
Jaivel Aerospace,1320,HQ UK (Gloucestershire); aerostructures + smart tooling (UK+India),32,UK company - engineering/manufacturing/R&D
Joss Engineering (Barrow) Ltd,1415,Barrow; safety-critical fasteners + machining,33,UK company - engineering/manufacturing/R&D
Keighley Laboratories,1310,Keighley; metallurgical testing + heat treatment,33,UK company - engineering/manufacturing/R&D
Kenard Engineering Group,1034,UK complex machined components (group),33,UK company - engineering/manufacturing/R&D
Laser Wire Solutions,1221,Pontypridd (Wales); laser wire-stripping machines,34,UK company - engineering/manufacturing/R&D
Loop Technology,1111,Dorchester; composites automation (on ATI stand),35,UK company - engineering/manufacturing/R&D
LPE (Laser Prototypes Europe),1321,Belfast; longest-established UK AM/3D-printing bureau,36,UK company - engineering/manufacturing/R&D
Lucideon,1036,Stoke-on-Trent; materials development + testing R&D,36,UK company - engineering/manufacturing/R&D
MAHER,4818,Sheffield; high-performance alloys processing + machining,36,UK company - engineering/manufacturing/R&D
Matt Black Systems,1400,Poole; man-machine interface design + manufacture,37,UK company - engineering/manufacturing/R&D
Maycast-Nokes,1320,"Halstead; investment/sand casting + machining, NADCAP NDT",37,UK company - engineering/manufacturing/R&D
Micro Spring and Presswork Ltd,1030,Redditch; precision springs/pressings since 1964,39,UK company - engineering/manufacturing/R&D
Middlesex Aerospace,1317,Basingstoke; aerostructure components + assemblies,39,UK company - engineering/manufacturing/R&D
Mini Gears,1051,Stockport; subcontract gears + machining,39,UK company - engineering/manufacturing/R&D
Missiles and Space Batteries Ltd,1016,UK thermal battery design + manufacture,39,UK company - engineering/manufacturing/R&D
MJ Sections Ltd,1320,UK rolled + welded aerospace rings/sections,39,UK company - engineering/manufacturing/R&D
MSM aerospace fabricators,1120Q,UK sheet-metal fabrication,40,UK company - engineering/manufacturing/R&D
MTD Ltd,1320,UK in-house design + manufacture of lamination stamping tooling,40,UK company - engineering/manufacturing/R&D
Nasmyth Group,1300,UK precision engineering group (aero engines + airframe),40,UK company - engineering/manufacturing/R&D
Needles and Pins Aerospace,4238G,"UK high-performance textile solutions (insulation, soft trim)",41,UK company - engineering/manufacturing/R&D
Nema Ltd,4215,"UK (est. 1954); springs + aerospace electric motors, magnetic-bearing R&D",41,UK company - engineering/manufacturing/R&D
Novomorphic Ltd,1221,Cardiff; semiconductor design house,42,UK company - engineering/manufacturing/R&D
Oldham Engineering,4725,Oldham; complex fabricated + machined assemblies,43,UK company - engineering/manufacturing/R&D
Olsen Actuators & Drives,4804,UK electro-mechanical actuators + roller screws design,43,UK company - engineering/manufacturing/R&D
Ondrives Ltd,2311,Chesterfield; precision gears + gearboxes manufacture,43,UK company - engineering/manufacturing/R&D
Open Cosmos,4614,Harwell; small-satellite design + missions,44,UK company - engineering/manufacturing/R&D
Oxley Group,1310,Ulverston; military-aerospace electronics/LED lighting design + mfg,44,UK company - engineering/manufacturing/R&D
P&K Fabrications,3922,UK aircraft hangars + bespoke steelwork,44,UK company - engineering/manufacturing/R&D
Packstat Ltd,1221,"NewMet group; silicone/polymeric foams, London + Cardiff sites",44,UK company - engineering/manufacturing/R&D
Paramount Panels UK,1042,UK integrally-illuminated panels (MIL-DTL-7788),44,UK company - engineering/manufacturing/R&D
Phixos,4716,"UK safety-critical software, firmware + hardware engineering",45,UK company - engineering/manufacturing/R&D
Piran Advanced Composites,"1120, C413",UK advanced composites (Piran Technology Group),45,UK company - engineering/manufacturing/R&D
PMW Dynamics,3000,UK design + manufacture of bespoke aerospace electric motors,45,UK company - engineering/manufacturing/R&D
Polar Technology,3840,Eynsham (Oxon); composite + metallic engineering,45,UK company - engineering/manufacturing/R&D
Porvair Filtration Group,4032,Fareham + King's Lynn; filtration design + manufacture,46,UK company - engineering/manufacturing/R&D
Precise Components,0560,Milton Keynes; CNC milling/turning since 1966,46,UK company - engineering/manufacturing/R&D
Precision Technologies International,1320,"UK precision gears, splines + threaded components",46,UK company - engineering/manufacturing/R&D
Pro-Roll Ltd,41540,Sheffield precision rolled profiles,46,UK company - engineering/manufacturing/R&D
Process Automation and Calibrations (PAC Group),1321,Northern Ireland; bespoke composite production systems,46,UK company - engineering/manufacturing/R&D
Progressive Technology Group,1310,"Newbury; precision engineering, composites + AM",46,UK company - engineering/manufacturing/R&D
Proxima Powder Metallurgy,0085,Sheffield; PM-HIP near-net-shape aerostructures,47,UK company - engineering/manufacturing/R&D
PRP Optoelectronics,4238B,Towcester; high-reliability displays/LED arrays,47,UK company - engineering/manufacturing/R&D
RLC,41131,"UK high-precision A&D manufacturing, sovereign capability",48,UK company - engineering/manufacturing/R&D
Rotary Precision Instruments UK,"1120, C413",UK rotary/angular measurement systems since 1940,49,UK company - engineering/manufacturing/R&D
SAM Aerospace (NI) Ltd,1321,Northern Ireland precision machining,49,UK company - engineering/manufacturing/R&D
Scintam Engineering,0665,Nottingham (UoN spin-out); portable EDM fastener-removal tools,50,UK company - engineering/manufacturing/R&D
Sellectronics,3928,UK high-reliability PCB assemblies,51,UK company - engineering/manufacturing/R&D
SHD Composite Materials,1310,"HQ UK (Sleaford); prepreg materials, sites UK/EU/US",51,UK company - engineering/manufacturing/R&D
Sigma (Sigma Components),1320,Hinckley; rigid pipes/ducting/fabrications (UK + China plants),52,UK company - engineering/manufacturing/R&D
Sigma Manufacturing Solutions,1310,UK manufacturing (North West),52,UK company - engineering/manufacturing/R&D
Sigmatex UK,1310,Runcorn; carbon-fibre textiles,52,UK company - engineering/manufacturing/R&D
Smith Myers Communications,1018,UK; airborne mobile-phone detection/location systems (since 1986),53,UK company - engineering/manufacturing/R&D
Southbourne Rubber,4736,Havant; elastomeric seals,53,UK company - engineering/manufacturing/R&D
Space Forge,4004,Cardiff; in-space manufacturing satellites,53,UK company - engineering/manufacturing/R&D
Special Quality Alloys,1521,Sheffield; forging + bar processing,54,UK company - engineering/manufacturing/R&D
Specialised Polymer Engineering,4817,Southampton; aerospace sealing design to production,54,UK company - engineering/manufacturing/R&D
Teconnex Ltd,1320,Keighley; V-band clamps + joining,56,UK company - engineering/manufacturing/R&D
TEK4 Limited,3940,Rugby; fast-hole EDM/laser drilling machine design + manufacture,56,UK company - engineering/manufacturing/R&D
Tioga Limited,1317,Derby; employee-owned contract electronics manufacturer,58,UK company - engineering/manufacturing/R&D
TISICS Ltd,1317,Farnborough; metal-matrix composites R&D + manufacture,58,UK company - engineering/manufacturing/R&D
Transense Technologies plc,4801,Bicester; sensor systems R&D and licensing (SAW technology),58,UK company - engineering/manufacturing/R&D
Tridan Engineering,1551,Clacton; precision machining,59,UK company - engineering/manufacturing/R&D
Tritech Group,4617,Tritech Precision (Wrexham) castings + machining (UK + India),59,UK company - engineering/manufacturing/R&D
TWI Limited,1046,Cambridge; welding/joining R&D organisation (membership RTO),60,UK company - engineering/manufacturing/R&D
UAVE Ltd,1221,Aberystwyth (Wales); long-endurance fixed-wing UAVs,60,UK company - engineering/manufacturing/R&D
Ubloquity,1321,Northern Ireland; digital-trust/blockchain technology,60,UK company - engineering/manufacturing/R&D
UK Precision Ltd,"1120, C413",UK subcontract precision machining,60,UK company - engineering/manufacturing/R&D
Ultima Forma,1317,UK electroforming technology,60,UK company - engineering/manufacturing/R&D
Walker AEC Ltd,1320,UK make-to-print landing-gear/hydraulic components (50+ years),63,UK company - engineering/manufacturing/R&D
Wallwork Heat Treatment,1000,"Bury + Cambridge; HIP, heat treatment, PVD coatings",63,UK company - engineering/manufacturing/R&D
William Cook Cast Products,0055,Sheffield steel castings,64,UK company - engineering/manufacturing/R&D
Windracers,4350,UK (Southampton); ULTRA heavy-lift autonomous UAV,64,UK company - engineering/manufacturing/R&D
ZB3 Technologies,1560,UK; HALOSENSOR through-skin sensing smart tooling,64,UK company - engineering/manufacturing/R&D
Zero Emissions Aerospace (ZeAero),0760,UK aerospace engineering for zero-emission flight (est. 2019),65,UK company - engineering/manufacturing/R&D
Airbus,"4105, E009, E010, E028",Wing design + R&D Filton; wing mfg Broughton; Space/Defence Stevenage + Portsmouth,4,Overseas parent - UK engineering/R&D/manufacturing site
Leonardo SpA,"B010, B012","Yeovil helicopters; Edinburgh radar; Luton EW; Basildon + Bristol (~9,500 UK staff)",35,Overseas parent - UK engineering/R&D/manufacturing site
RTX (Pratt & Whitney | Collins | Raytheon),C301-305,"Collins: Wolverhampton actuation engineering, Solihull, Banbury; Raytheon UK: Harlow, Glenrothes mfg+eng",49,Overseas parent - UK engineering/R&D/manufacturing site
The Boeing Company,"C201-206, C620",Boeing Sheffield manufacturing + AMRC R&D partnership; Boeing Defence UK,57,Overseas parent - UK engineering/R&D/manufacturing site
Lockheed Martin (+ Corporation),"4110; C412, C501",LM UK Ampthill engineering (vehicles/systems),35,Overseas parent - UK engineering/R&D/manufacturing site
L3Harris Technologies,2531,Crawley simulation + training mfg; Tewkesbury EW; other UK sites,34,Overseas parent - UK engineering/R&D/manufacturing site
Elbit Systems,1330,Elbit Systems UK Bristol; Instro Precision (Broadstairs) design + mfg,20,Overseas parent - UK engineering/R&D/manufacturing site
General Dynamics Mission Systems,1207,GD UK Hastings avionics engineering; equips British Armed Forces,25,Overseas parent - UK engineering/R&D/manufacturing site
Northrop Grumman,C604,"NG UK: New Malden navigation systems, UK software/mission engineering",42,Overseas parent - UK engineering/R&D/manufacturing site
Saab AB,C403,Saab UK: Seaeye (Fareham) engineering; Blue Bear (Bedford) autonomy R&D,49,Overseas parent - UK engineering/R&D/manufacturing site
GE Aerospace,B026,Cheltenham (Bishops Cleeve) avionics/power engineering; Cardiff MRO; (Dowty + Druck listed separately),25,Overseas parent - UK engineering/R&D/manufacturing site
Honeywell (Aerospace + Control Systems Ltd),C134; 4921,Yeovil life-support engineering; UK sensing/switching manufacturing site,29,Overseas parent - UK engineering/R&D/manufacturing site
Moog Inc.,C218-219,Tewkesbury design + manufacture (actuation),40,Overseas parent - UK engineering/R&D/manufacturing site
Eaton (+ Ultra PCS),C226-227A; C128,Mission Systems Wimborne (ex-Cobham AAR); Ultra PCS Cheltenham controls engineering,20,Overseas parent - UK engineering/R&D/manufacturing site
Parker Aerospace (incl. Parker Meggitt),C107-108,"Parker Meggitt UK: Ansty Park (Coventry) HQ/engineering + UK sites (braking, sensors, polymers)",44,Overseas parent - UK engineering/R&D/manufacturing site
ITP Aero,1311,"ITP Aero UK Whetstone (Leics): design + manufacturing engineering, ~850 UK staff",32,Overseas parent - UK engineering/R&D/manufacturing site
Magellan Aerospace,4123,"UK manufacturing divisions (Wrexham, Deeside)",36,Overseas parent - UK engineering/R&D/manufacturing site
Héroux-Devtek,4321,APPH Runcorn + Nottingham: landing-gear design/manufacture,28,Overseas parent - UK engineering/R&D/manufacturing site
Aernnova Aerospace,1138,Hamble Aerostructures (Southampton) engineering + manufacture,2,Overseas parent - UK engineering/R&D/manufacturing site
TEKEVER,1160,UK engineering centre (Southampton); Wales flight operations; major UK expansion,57,Overseas parent - UK engineering/R&D/manufacturing site
Framatome Ltd - Defence and Space,1204,New UK defence business with UK engineering investment (French parent),24,Overseas parent - UK engineering/R&D/manufacturing site
Hexcel,C211-212,Duxford composites R&D + manufacturing,28,Overseas parent - UK engineering/R&D/manufacturing site
Syensqo,C220,Wrexham + Heanor composite materials manufacturing/technology,55,Overseas parent - UK engineering/R&D/manufacturing site
Trelleborg Aerospace,"1115, C117",Tewkesbury aerospace sealing design + manufacture,59,Overseas parent - UK engineering/R&D/manufacturing site
Pall Corporation,3327,Portsmouth filtration R&D + manufacturing,44,Overseas parent - UK engineering/R&D/manufacturing site
Teledyne,2330,Teledyne UK (e2v) Chelmsford: sensors/semiconductors R&D + mfg,57,Overseas parent - UK engineering/R&D/manufacturing site
AMETEK,"3019, 3121, C112",AMETEK Airtechnology (Weybridge): fans/motors/thermal design + mfg,6,Overseas parent - UK engineering/R&D/manufacturing site
Precision Castparts Corp (PCC),C330-331,TIMET Swansea + Birmingham mills; Special Metals Wiggin (Hereford) alloys R&D+mfg,46,Overseas parent - UK engineering/R&D/manufacturing site
Howmet Aerospace (+ Fastening Systems),C224-225; C313,Exeter castings plant; Livingston fastening systems,29,Overseas parent - UK engineering/R&D/manufacturing site
SKF,1360,SKF AMPEP (Clevedon): aerospace plain bearings engineering + mfg,52,Overseas parent - UK engineering/R&D/manufacturing site
Wall Colmonoy,2322,Wall Colmonoy Ltd Pontardawe (Wales): alloys/castings engineering + mfg,63,Overseas parent - UK engineering/R&D/manufacturing site
Glenair,3845,Glenair UK Mansfield: interconnect manufacture + build-to-print,26,Overseas parent - UK engineering/R&D/manufacturing site
HellermannTyton,0360,UK manufacturing (Manchester); cable-management engineering,28,Overseas parent - UK engineering/R&D/manufacturing site
Magnet Schultz Ltd,4721,Woking: solenoid/electromagnetic design + manufacture (German parent),36,Overseas parent - UK engineering/R&D/manufacturing site
Heller Machine Tools,1320,Redditch machine-tool manufacturing plant (German parent),28,Overseas parent - UK engineering/R&D/manufacturing site
Abrasive Technology Ltd,1221,UK (Wales) electroplated-coatings operations (US parent),1,Overseas parent - UK engineering/R&D/manufacturing site
BOTT Ltd,1310,Bude (Cornwall) manufacturing; workspace/storage systems (German parent),12,Overseas parent - UK engineering/R&D/manufacturing site
ARRK Europe,1310,"Nuneaton Technical Centre: design, machining, composites (Japanese parent)",8,Overseas parent - UK engineering/R&D/manufacturing site
Ford Aerospace,2511,"South Shields precision machining + shims (SPIROL Group, US)",24,Overseas parent - UK engineering/R&D/manufacturing site
Okazaki Manufacturing Company UK,0050,UK manufacture of temperature sensors/MI cables (Japanese parent),43,Overseas parent - UK engineering/R&D/manufacturing site
Mersen UK Teesside,1320,Teesside graphite machining/production (French parent),38,Overseas parent - UK engineering/R&D/manufacturing site
ZeroAvia,1113,US/UK company; UK R&D + flight test at Cotswold Airport (Kemble); HyperCore UK,65,Overseas parent - UK engineering/R&D/manufacturing site
Viasat,4310,London (ex-Inmarsat) engineering + network operations,62,Overseas parent - UK engineering/R&D/manufacturing site
Eutelsat Group,4503,OneWeb (London): LEO constellation operations + engineering,22,Overseas parent - UK engineering/R&D/manufacturing site
MDA Space,4500,MDA UK (Harwell) space robotics/engineering,37,Overseas parent - UK engineering/R&D/manufacturing site
Amentum,3931,Major UK engineering-services workforce (defence + nuclear sites),6,Overseas parent - UK engineering/R&D/manufacturing site
AtkinsRéalis,C131-132,UK engineering consultancy heritage (Epsom etc.); A&D engineering (Canadian parent),9,Overseas parent - UK engineering/R&D/manufacturing site
Tata Technologies Europe Ltd,0140,Warwick engineering centre (Indian parent),56,Overseas parent - UK engineering/R&D/manufacturing site
Aerocom Metals,1526,Coventry; aerospace metals stockholder (UK HQ),2,UK-based distribution/services/software
Aerospace Coatings Ltd,1317,UK surface-engineering consultancy; UK representative for Rübig,3,UK-based distribution/services/software
Air and Marine Products,1550,"UK AS9120B distributor, electro-mechanical components",4,UK-based distribution/services/software
Aircraft Materials UK,4831,UK stockist/distributor of specialist metals,4,UK-based distribution/services/software
All Metal Services,C209-210,"Rotherham-based aerospace metals service centres (Reliance, US parent)",5,UK-based distribution/services/software
Apollo Aerospace Components,1130,Redditch; fastener/component distribution (UK HQ),7,UK-based distribution/services/software
AR Procurement Services,1320,UK procurement/business-change consultancy,7,UK-based distribution/services/software
Ashton Aerospace & Defence,1048,"UK (Ashton Group, est. 1866); seals/fasteners supply + technical support",8,UK-based distribution/services/software
Auva Certification,1120H,UK certification services,9,UK-based distribution/services/software
Aviation & Defence Spares,4235,UK aviation spares supply,9,UK-based distribution/services/software
Bloc Digital,"4105, E009, E010, E028, 41314",Derby; visualisation/immersive-tech + digital-twin services,11,UK-based distribution/services/software
Carter Manufacturing,1031,Oxfordshire; precision bearing distribution + application engineering,13,UK-based distribution/services/software
Clarendon Specialty Fasteners,4900,Aylesbury; specialty fastener distribution (UK HQ),15,UK-based distribution/services/software
Cosine,4238J,"London; AI software company, UK sovereign AI programme (not simulation)",16,UK-based distribution/services/software
Cre8tive Space,1317,UK design + build of accredited secure facilities,16,UK-based distribution/services/software
Creative Hut,0870,UK STEM education programmes,16,UK-based distribution/services/software
Cristex,1310,UK composites materials distribution,17,UK-based distribution/services/software
Dealey Environmental,4028,UK aircraft fumigation services (BlueFume),17,UK-based distribution/services/software
Didactic Services,4803,UK technical-education equipment + learning solutions,18,UK-based distribution/services/software
Duxford AvTech by HBD,1317,Cambridgeshire aviation-technology R&D campus development,19,UK-based distribution/services/software
Dynamic Metals,4910,Leighton Buzzard; aerospace metals stockholder (UK HQ),19,UK-based distribution/services/software
FAM Group,"1120, C413",UK investment/partnership group across defence + aerospace,22,UK-based distribution/services/software
Farsound Aviation,1216,Romford; MRO supply-chain services (UK HQ),22,UK-based distribution/services/software
Fastavia Limited,3730,UK AS9120B technical distributor (Click Bond etc.),22,UK-based distribution/services/software
Frasers Aerospace,1317,UK aerospace consumables supply,24,UK-based distribution/services/software
Freightline Carriers,"1056, 41542",UK time-critical aerospace logistics,24,UK-based distribution/services/software
FSL Aerospace,1500,UK fastener/component distributor,24,UK-based distribution/services/software
Gould Alloys,"1231, C119-120",UK metals service centre (Aero Metals Alliance),26,UK-based distribution/services/software
Heamar Company,4315,UK tooling solutions supply,27,UK-based distribution/services/software
Hellios Information,1120P,UK supplier-data management (SC/JOSCAR community),28,UK-based distribution/services/software
Howco,4836,HQ Irvine (Scotland); alloys processing + distribution,29,UK-based distribution/services/software
Infortecorp Solutions,4238H,"UK-registered manufacturing/supply partner (fasteners, drones/anti-drone)",31,UK-based distribution/services/software
Inspectahire Instrument Co.,4238C,Aberdeen; remote visual inspection services,31,UK-based distribution/services/software
Interconnect Solutions Group (IS-Group),4900,UK-based authorised interconnect distributor,31,UK-based distribution/services/software
Knight Precision Metals,1028,"UK strip/wire/foil processing service centre (Elgiloy, US parent)",34,UK-based distribution/services/software
Metalex,4719,UK family-owned AS9120 metals stockholder,38,UK-based distribution/services/software
Metalweb,1310,"Birmingham metals distributor/processor (Reliance, US parent)",38,UK-based distribution/services/software
MThree Corporate Consulting,0765,UK-founded workforce/talent consultancy (Wiley-owned),40,UK-based distribution/services/software
NQ Aero Group,1317,UK aerospace quality/operational-excellence consultancy,42,UK-based distribution/services/software
Oracle Special Metals,1320,UK titanium/nickel/stainless supplier,44,UK-based distribution/services/software
Righton Blackburns,1117,"UK-HQ (Birmingham) aerospace + speciality alloys supplier, 4 UK sites",48,UK-based distribution/services/software
Salamandra UK,1120G,UK animation/design studio for aerospace brands,49,UK-based distribution/services/software
SJ Group,1320,UK-based A&D talent/recruitment partner,52,UK-based distribution/services/software
Smiths Advanced Metals,1120K,Biggleswade; metals stockholder (UK),53,UK-based distribution/services/software
Squarcle Consulting,0650,UK supply-chain consultancy,54,UK-based distribution/services/software
TECHSiL,4900,UK value-add adhesives/sealants distributor,56,UK-based distribution/services/software
The HR Dept,1317,UK HR services for aerospace sector,57,UK-based distribution/services/software
TI-TEK [UK] Limited,1317,Birmingham; titanium processing + distribution,58,UK-based distribution/services/software
United Performance Metals Ltd,1321,Northern Ireland specialty-metals service centre (US parent),61,UK-based distribution/services/software
Valbruna UK,1320,West Bromwich stainless/nickel bar stock (Italian parent),61,UK-based distribution/services/software
Valuechain,1520,UK supply-chain/MES software company,61,UK-based distribution/services/software
ADS Group,"1120, C413",UK aerospace/defence/security/space trade association (UK pavilion host),1,UK organisation (government/academic/RTO/association)
ADS South West,1217,Regional trade association,1,UK organisation (government/academic/RTO/association)
Aerospace Technology Institute,1111,UK aerospace technology institute (with HVM Catapult showcase),3,UK organisation (government/academic/RTO/association)
Advanced Manufacturing Innovation Centre (AMIC),1321,Queen's University Belfast R&D centre,2,UK organisation (government/academic/RTO/association)
"Altitude, University of Lancashire",1310,University air + space innovation facility,6,UK organisation (government/academic/RTO/association)
"AVRRC, Loughborough University",0675,Advanced VR Research Centre,10,UK organisation (government/academic/RTO/association)
"City St George's, University of London",4824,University,15,UK organisation (government/academic/RTO/association)
Composites UK,1310,"Trade association, FRP composites",16,UK organisation (government/academic/RTO/association)
Cranfield University (+ CraneAero PoT),1027; PI-25,University R&D,16,UK organisation (government/academic/RTO/association)
Department for Business and Trade,1120,UK government department,18,UK organisation (government/academic/RTO/association)
EGADD,1120M,"Export Group for Aerospace, Defence & Dual-Use",20,UK organisation (government/academic/RTO/association)
Exeter College,"1120, C413",Further-education college,22,UK organisation (government/academic/RTO/association)
Farnborough Aerospace Consortium,1317,Regional trade association (pavilion host),22,UK organisation (government/academic/RTO/association)
Farnborough College of Technology,1317,Further/higher education,22,UK organisation (government/academic/RTO/association)
Flight Crowd,PI-15,UK educational non-profit (Future Flight),23,UK organisation (government/academic/RTO/association)
Hampshire Futures,PI-10,Hampshire County Council careers service,27,UK organisation (government/academic/RTO/association)
High Value Manufacturing Catapult,1111,UK manufacturing R&D catapult network,28,UK organisation (government/academic/RTO/association)
IMechE Aerospace Division,"PI-19, PI-20, PINN-07",Professional engineering institution,31,UK organisation (government/academic/RTO/association)
Institute for Aerospace Technology (Univ. of Nottingham),1320,University aerospace research institute,31,UK organisation (government/academic/RTO/association)
Invest in Gloucestershire,1120D,Inward-investment body,31,UK organisation (government/academic/RTO/association)
Invest Manchester,1310,Inward-investment agency,31,UK organisation (government/academic/RTO/association)
Invest Northern Ireland,1321,NI economic development agency (pavilion host),32,UK organisation (government/academic/RTO/association)
Met Office,3704,UK national meteorological service (MAVIS aviation services),38,UK organisation (government/academic/RTO/association)
Midlands Aerospace Alliance,1320,Regional aerospace cluster (pavilion host),39,UK organisation (government/academic/RTO/association)
National Armaments Director Group,3704,UK MOD armaments organisation,41,UK organisation (government/academic/RTO/association)
National Careers Service,PI-17,UK careers advice service,41,UK organisation (government/academic/RTO/association)
National Wealth Fund,3704,UK government investment institution,41,UK organisation (government/academic/RTO/association)
NCC and West of England Mayoral Combined Authority,1120F,National Composites Centre + regional authority,41,UK organisation (government/academic/RTO/association)
Newcastle University (Pioneers of Tomorrow),(no stand),University,41,UK organisation (government/academic/RTO/association)
Norfolk and Suffolk Unlimited,3010,Regional inward investment,42,UK organisation (government/academic/RTO/association)
North West Aerospace Alliance,1310,Regional aerospace cluster (pavilion host),42,UK organisation (government/academic/RTO/association)
Orbis UK,0850,UK-registered flying eye hospital charity,44,UK organisation (government/academic/RTO/association)
Primary Engineer,1310,UK engineering-education non-profit,46,UK organisation (government/academic/RTO/association)
QinetiQ - Pioneers of Tomorrow,PINN-18,Careers/education stand of QinetiQ (company listed separately),47,UK organisation (government/academic/RTO/association)
RAF Cadets Bulldog,(no stand),RAF Air Cadets display,47,UK organisation (government/academic/RTO/association)
Royal Aeronautical Society (+ PoT),"4002; PI-11, PINN-04",Professional body,49,UK organisation (government/academic/RTO/association)
SATRO,PINN-03,UK STEM education charity,50,UK organisation (government/academic/RTO/association)
Somerset Council,"1120, C413",Local authority (South West Innovation Flight Zone),53,UK organisation (government/academic/RTO/association)
Southampton University Human Powered Aircraft,(no stand),Student society,53,UK organisation (government/academic/RTO/association)
Supply Chain Solutions Framework,1120L,ADS-facilitated industry programme,55,UK organisation (government/academic/RTO/association)
Team Scotland,4505,Scottish Government + enterprise agencies,56,UK organisation (government/academic/RTO/association)
Teesside International Airport Business Park,3920,UK airport business park development,56,UK organisation (government/academic/RTO/association)
The Air League,PINN-05,UK aviation charity,57,UK organisation (government/academic/RTO/association)
The Honourable Company of Air Pilots,(no stand),City of London livery company,57,UK organisation (government/academic/RTO/association)
UK Civil Aviation Authority,41518,UK regulator,60,UK organisation (government/academic/RTO/association)
UK Export Finance,3704,UK export credit agency,60,UK organisation (government/academic/RTO/association)
UK Hub for Quantum Enabled PNT (QEPNT),PI-13,UK research hub,60,UK organisation (government/academic/RTO/association)
UK Research and Innovation,"1110, 4710",UK national funding agency,60,UK organisation (government/academic/RTO/association)
UK Space Agency,4510,UK government space agency,60,UK organisation (government/academic/RTO/association)
University of Nottingham,1026,University,61,UK organisation (government/academic/RTO/association)
UOCEAN x Aerosparx,PP-09,UK charity initiative + display team,61,UK organisation (government/academic/RTO/association)
Wales (Welsh Government),1221; 3704,Devolved government (pavilion host),63,UK organisation (government/academic/RTO/association)
Aviation for Good,PI-07,Aviation education/sustainability initiative (UK-based stand),9,UK organisation (government/academic/RTO/association)
